semantic_command,transient_stroke,latched_payload,family,scope,operation,position,anchor_carry,tier,status,transient_key_count,latched_key_count,transient_finger_groups,transient_bridge_fingers,notes
text.move.character.previous,STPH-R,-R,content,0,move,west,False,0,core,5,1,5,,
text.move.character.next,STPH-G,-G,content,0,move,east,False,0,core,5,1,5,,
text.move.word.previous,STPHAR,AR,content,A,move,west,False,0,core,6,2,6,,
text.move.word.next,STPHAG,AG,content,A,move,east,False,0,core,6,2,6,,
text.move.line.up,STPHOP,OP,content,O,move,north,False,0,core,6,2,6,,
text.move.line.down,STPHOB,OB,content,O,move,south,False,0,core,6,2,6,,
text.move.line.start,STPHOFR,OFR,content,O,move,west_boundary,False,0,core,7,3,6,R index,
text.move.line.end,STPHOLG,OLG,content,O,move,east_boundary,False,0,core,7,3,6,R ring,
text.move.paragraph.previous,STPHER,ER,content,E,move,west,False,0,core,6,2,6,,
text.move.paragraph.next,STPHEG,EG,content,E,move,east,False,0,core,6,2,6,,
text.move.document.start,STPHUFR,UFR,content,U,move,west_boundary,False,0,core,7,3,6,R index,
text.move.document.end,STPHULG,ULG,content,U,move,east_boundary,False,0,core,7,3,6,R ring,
text.extend.character.previous,STPH*R,*R,content,0,move,west,True,0,core,6,2,6,,
text.extend.character.next,STPH*G,*G,content,0,move,east,True,0,core,6,2,6,,
text.extend.word.previous,STPHA*R,A*R,content,A,move,west,True,0,core,7,3,7,,
text.extend.word.next,STPHA*G,A*G,content,A,move,east,True,0,core,7,3,7,,
text.extend.line.up,STPHO*P,O*P,content,O,move,north,True,0,core,7,3,7,,
text.extend.line.down,STPHO*B,O*B,content,O,move,south,True,0,core,7,3,7,,
text.extend.line.start,STPHO*FR,O*FR,content,O,move,west_boundary,True,0,core,8,4,7,R index,
text.extend.line.end,STPHO*LG,O*LG,content,O,move,east_boundary,True,0,core,8,4,7,R ring,
text.extend.paragraph.previous,STPH*ER,*ER,content,E,move,west,True,0,core,7,3,7,,
text.extend.paragraph.next,STPH*EG,*EG,content,E,move,east,True,0,core,7,3,7,,
text.extend.document.start,STPH*UFR,*UFR,content,U,move,west_boundary,True,0,core,8,4,7,R index,
text.extend.document.end,STPH*ULG,*ULG,content,U,move,east_boundary,True,0,core,8,4,7,R ring,
text.delete.character.previous,STPH-RD,-RD,content,0,remove,west,False,1,core,6,2,6,,
text.delete.character.next,STPH-GD,-GD,content,0,remove,east,False,1,core,6,2,6,,
text.delete.word.previous,STPHARD,ARD,content,A,remove,west,False,1,core,7,3,7,,
text.delete.word.next,STPHAGD,AGD,content,A,remove,east,False,1,core,7,3,7,,
text.delete.to_line_start,STPHOFRD,OFRD,content,O,remove,west_boundary,False,1,core,8,4,7,R index,
text.delete.to_line_end,STPHOLGD,OLGD,content,O,remove,east_boundary,False,1,core,8,4,7,R ring,
text.insert.paragraph_break,STPHOT,OT,content,O,primary,center,False,1,provisional,6,2,6,,Audit-added mapping for required text break.
text.insert.soft_line_break,STPHOS,OS,content,O,secondary,center,False,1,provisional,6,2,6,,Audit-added mapping for required soft break.
edit.undo,STPH-RT,-RT,content,0,primary,west,False,1,core,6,2,6,,
edit.redo,STPH-GT,-GT,content,0,primary,east,False,1,core,6,2,6,,
edit.copy,STPH-PT,-PT,content,0,primary,north,False,1,core,6,2,6,,
edit.paste,STPH-BT,-BT,content,0,primary,south,False,1,core,6,2,6,,
edit.cut,STPH-T,-T,content,0,primary,center,False,1,core,5,1,5,,
edit.select_all,STPH-RGT,-RGT,content,0,primary,west_east,False,1,core,7,3,7,,
search.previous_match,STPH-RS,-RS,content,0,secondary,west,False,1,core,6,2,6,,
search.next_match,STPH-GS,-GS,content,0,secondary,east,False,1,core,6,2,6,,
search.replace_open,STPH-PS,-PS,content,0,secondary,north,False,1,core,6,2,6,,
edit.paste_plain,STPH-BS,-BS,content,0,secondary,south,False,1,core,6,2,6,,
search.find_open,STPH-S,-S,content,0,secondary,center,False,1,core,5,1,5,,
document.open,STPHURT,URT,content,U,primary,west,False,1,core,7,3,7,,
document.save_as,STPHUGT,UGT,content,U,primary,east,False,1,core,7,3,7,,
document.new,STPHUPT,UPT,content,U,primary,north,False,1,core,7,3,7,,
document.print,STPHUBT,UBT,content,U,primary,south,False,1,core,7,3,7,,
document.save,STPHUT,UT,content,U,primary,center,False,1,core,6,2,6,,
document.close,STPHUD,UD,content,U,remove,center,False,1,core,6,2,6,,
ui.focus.previous_control,STPHR-R,R-R,interface,0,move,west,False,0,core,6,2,5,L index,
ui.focus.next_control,STPHR-G,R-G,interface,0,move,east,False,0,core,6,2,5,L index,
ui.focus.up,STPHR-P,R-P,interface,0,move,north,False,0,core,6,2,5,L index,
ui.focus.down,STPHR-B,R-B,interface,0,move,south,False,0,core,6,2,5,L index,
ui.focus.previous_region,STPHRAR,RAR,interface,A,move,west,False,0,core,7,3,6,L index,
ui.focus.next_region,STPHRAG,RAG,interface,A,move,east,False,0,core,7,3,6,L index,
view.scroll.line_up,STPHROP,ROP,interface,O,move,north,False,0,provisional,7,3,6,L index,Audit refinement: E reserved for page/view-scale movement.
view.scroll.line_down,STPHROB,ROB,interface,O,move,south,False,0,provisional,7,3,6,L index,Audit refinement: E reserved for page/view-scale movement.
view.scroll.page_up,STPHREP,REP,interface,E,move,north,False,0,provisional,7,3,6,L index,Audit refinement: E reserved for page/view-scale movement.
view.scroll.page_down,STPHREB,REB,interface,E,move,south,False,0,provisional,7,3,6,L index,Audit refinement: E reserved for page/view-scale movement.
view.scroll.start,STPHREFR,REFR,interface,E,move,west_boundary,False,0,provisional,8,4,6,L index; R index,Audit refinement: E reserved for page/view-scale movement.
view.scroll.end,STPHRELG,RELG,interface,E,move,east_boundary,False,0,provisional,8,4,6,L index; R ring,Audit refinement: E reserved for page/view-scale movement.
ui.cancel,STPHR-RT,R-RT,interface,0,primary,west,False,1,core,7,3,6,L index,
ui.activate,STPHR-GT,R-GT,interface,0,primary,east,False,1,core,7,3,6,L index,
ui.expand,STPHR-PT,R-PT,interface,0,primary,north,False,1,core,7,3,6,L index,
ui.collapse,STPHR-BT,R-BT,interface,0,primary,south,False,1,core,7,3,6,L index,
ui.toggle,STPHR-T,R-T,interface,0,primary,center,False,1,core,6,2,5,L index,
view.zoom_in,STPHROPS,ROPS,interface,O,secondary,north,False,1,core,8,4,7,L index,
view.zoom_out,STPHROBS,ROBS,interface,O,secondary,south,False,1,core,8,4,7,L index,
view.zoom_reset,STPHROS,ROS,interface,O,secondary,center,False,1,core,7,3,6,L index,
location.back,STPHRURS,RURS,interface,U,secondary,west,False,1,provisional,8,4,7,L index,Audit refinement: location moved from E to U.
location.forward,STPHRUGS,RUGS,interface,U,secondary,east,False,1,provisional,8,4,7,L index,Audit refinement: location moved from E to U.
location.focus_field,STPHRUPS,RUPS,interface,U,secondary,north,False,1,provisional,8,4,7,L index,Audit refinement: location moved from E to U.
location.up_level,STPHRUBS,RUBS,interface,U,secondary,south,False,1,provisional,8,4,7,L index,Audit refinement: location moved from E to U.
location.reload,STPHRUS,RUS,interface,U,secondary,center,False,1,provisional,7,3,6,L index,Audit refinement: location moved from E to U.
tab.switch.previous,STPWH-R,W-R,container,0,move,west,False,0,core,6,2,5,L middle,
tab.switch.next,STPWH-G,W-G,container,0,move,east,False,0,core,6,2,5,L middle,
pane.switch.previous,STPWHAR,WAR,container,A,move,west,False,0,core,7,3,6,L middle,
pane.switch.next,STPWHAG,WAG,container,A,move,east,False,0,core,7,3,6,L middle,
window.switch.previous,STPWHOR,WOR,container,O,move,west,False,0,core,7,3,6,L middle,
window.switch.next,STPWHOG,WOG,container,O,move,east,False,0,core,7,3,6,L middle,
application.switch.previous,STPWHER,WER,container,E,move,west,False,0,core,7,3,6,L middle,
application.switch.next,STPWHEG,WEG,container,E,move,east,False,0,core,7,3,6,L middle,
workspace.switch.previous,STPWHUR,WUR,container,U,move,west,False,0,core,7,3,6,L middle,
workspace.switch.next,STPWHUG,WUG,container,U,move,east,False,0,core,7,3,6,L middle,
tab.switch.first,STPWH-FR,W-FR,container,0,move,west_boundary,False,0,recommended,7,3,5,L middle; R index,
tab.switch.last,STPWH-LG,W-LG,container,0,move,east_boundary,False,0,recommended,7,3,5,L middle; R ring,
workspace.switch.first,STPWHUFR,WUFR,container,U,move,west_boundary,False,0,recommended,8,4,6,L middle; R index,
workspace.switch.last,STPWHULG,WULG,container,U,move,east_boundary,False,0,recommended,8,4,6,L middle; R ring,
tab.move.previous,STPWH*R,W*R,container,0,move,west,True,0,core,7,3,6,L middle,
tab.move.next,STPWH*G,W*G,container,0,move,east,True,0,core,7,3,6,L middle,
window.send.workspace_previous,STPWH*UR,W*UR,container,U,move,west,True,1,core,8,4,7,L middle,
window.send.workspace_next,STPWH*UG,W*UG,container,U,move,east,True,1,core,8,4,7,L middle,
tab.reopen,STPWH-RT,W-RT,container,0,primary,west,False,1,core,7,3,6,L middle,
tab.new,STPWH-GT,W-GT,container,0,primary,east,False,1,core,7,3,6,L middle,
pane.new_default_split,STPWHAGT,WAGT,container,A,primary,east,False,1,recommended,8,4,7,L middle,
pane.collapse,STPWHABT,WABT,container,A,primary,south,False,1,recommended,8,4,7,L middle,
window.restore,STPWHORT,WORT,container,O,primary,west,False,1,core,8,4,7,L middle,
window.new,STPWHOGT,WOGT,container,O,primary,east,False,1,core,8,4,7,L middle,
window.maximize,STPWHOPT,WOPT,container,O,primary,north,False,1,core,8,4,7,L middle,
window.minimize,STPWHOBT,WOBT,container,O,primary,south,False,1,core,8,4,7,L middle,
window.fullscreen_toggle,STPWHOT,WOT,container,O,primary,center,False,1,recommended,7,3,6,L middle,
application.new_instance,STPWHEGT,WEGT,container,E,primary,east,False,1,recommended,8,4,7,L middle,
workspace.create,STPWHUGT,WUGT,container,U,primary,east,False,1,recommended,8,4,7,L middle,
tab.close,STPWH-D,W-D,container,0,remove,center,False,1,core,6,2,5,L middle,
pane.close,STPWHAD,WAD,container,A,remove,center,False,1,recommended,7,3,6,L middle,
window.close,STPWHOD,WOD,container,O,remove,center,False,1,core,7,3,6,L middle,
workspace.close,STPWHUD,WUD,container,U,remove,center,False,1,recommended,7,3,6,L middle,
window.place.left_half,STPWHORS,WORS,container,O,secondary,west,False,1,core,8,4,7,L middle,
window.place.right_half,STPWHOGS,WOGS,container,O,secondary,east,False,1,core,8,4,7,L middle,
window.place.top_half,STPWHOPS,WOPS,container,O,secondary,north,False,1,core,8,4,7,L middle,
window.place.bottom_half,STPWHOBS,WOBS,container,O,secondary,south,False,1,core,8,4,7,L middle,
window.place.restore,STPWHOS,WOS,container,O,secondary,center,False,1,core,7,3,6,L middle,
window.place.upper_left,STPWHORPS,WORPS,container,O,secondary,nw,False,1,core,9,5,8,L middle,
window.place.upper_right,STPWHOPGS,WOPGS,container,O,secondary,ne,False,1,core,9,5,8,L middle,
window.place.lower_left,STPWHORBS,WORBS,container,O,secondary,sw,False,1,core,9,5,8,L middle,
window.place.lower_right,STPWHOBGS,WOBGS,container,O,secondary,se,False,1,core,9,5,8,L middle,
system.show_desktop,STKPH-RT,K-RT,system,0,primary,west,False,1,core,7,3,6,L ring,
system.notifications,STKPH-GT,K-GT,system,0,primary,east,False,1,core,7,3,6,L ring,
capture.region,STKPH-PT,K-PT,system,0,primary,north,False,1,core,7,3,6,L ring,
system.clipboard_history,STKPH-BT,K-BT,system,0,primary,south,False,1,core,7,3,6,L ring,
system.launcher,STKPH-T,K-T,system,0,primary,center,False,1,core,6,2,5,L ring,
capture.window,STKPHAPT,KAPT,system,A,primary,north,False,1,core,8,4,7,L ring,
capture.display,STKPHOPT,KOPT,system,O,primary,north,False,1,core,8,4,7,L ring,
capture.all_displays,STKPHEPT,KEPT,system,E,primary,north,False,1,core,8,4,7,L ring,
media.previous,STKPH-RS,K-RS,system,0,secondary,west,False,1,core,7,3,6,L ring,
media.next,STKPH-GS,K-GS,system,0,secondary,east,False,1,core,7,3,6,L ring,
media.volume_up,STKPH-PS,K-PS,system,0,secondary,north,False,1,core,7,3,6,L ring,
media.volume_down,STKPH-BS,K-BS,system,0,secondary,south,False,1,core,7,3,6,L ring,
media.play_pause,STKPH-S,K-S,system,0,secondary,center,False,1,core,6,2,5,L ring,
media.mute_toggle,STKPH-PBS,K-PBS,system,0,secondary,north_south,False,1,provisional,8,4,6,L ring; R middle,
plover.suspend,STKPH-RZ,K-RZ,system,0,tools,west,False,2,core,7,3,6,L ring,
plover.resume,STKPH-GZ,K-GZ,system,0,tools,east,False,2,core,7,3,6,L ring,
plover.focus,STKPH-PZ,K-PZ,system,0,tools,north,False,2,core,7,3,6,L ring,
plover.configure,STKPH-BZ,K-BZ,system,0,tools,south,False,2,core,7,3,6,L ring,
plover.toggle,STKPH-Z,K-Z,system,0,tools,center,False,2,core,6,2,5,L ring,
plover.lookup,STKPHARZ,KARZ,system,A,tools,west,False,2,core,8,4,7,L ring,
plover.suggestions,STKPHAGZ,KAGZ,system,A,tools,east,False,2,core,8,4,7,L ring,
plover.dictionary_manager,STKPHAPZ,KAPZ,system,A,tools,north,False,2,recommended,8,4,7,L ring,
plover.reload_dictionaries,STKPHABZ,KABZ,system,A,tools,south,False,2,recommended,8,4,7,L ring,
plover.add_translation,STKPHAZ,KAZ,system,A,tools,center,False,2,core,7,3,6,L ring,
plover.configure.application_scope,STKPHOZ,KOZ,system,O,tools,center,False,2,recommended,7,3,6,L ring,
clavis.help,STKPHERZ,KERZ,system,E,tools,west,False,2,core,8,4,7,L ring,
clavis.status,STKPHEGZ,KEGZ,system,E,tools,east,False,2,core,8,4,7,L ring,
clavis.reload,STKPHEPZ,KEPZ,system,E,tools,north,False,2,core,8,4,7,L ring,
clavis.safe_reset,STKPHEZ,KEZ,system,E,tools,center,False,2,core,7,3,6,L ring,
application.quit,STPWHEDZ,WEDZ,container,E,guard,center,False,3,core,8,4,6,L middle; R pinky,
plover.quit,STKPHODZ,KODZ,system,O,guard,center,False,3,core,8,4,6,L ring; R pinky,
system.sign_out,STKPHURDZ,KURDZ,system,U,guard,west,False,3,core,9,5,7,L ring; R pinky,
system.restart,STKPHUGDZ,KUGDZ,system,U,guard,east,False,3,core,9,5,7,L ring; R pinky,
system.sleep,STKPHUPDZ,KUPDZ,system,U,guard,north,False,3,core,9,5,7,L ring; R pinky,
system.shutdown,STKPHUBDZ,KUBDZ,system,U,guard,south,False,3,core,9,5,7,L ring; R pinky,
system.lock,STKPHUDZ,KUDZ,system,U,guard,center,False,3,core,8,4,6,L ring; R pinky,
